{
  "project_info": {
    "project_number": "690209810800",
    "project_id": "todolist-eed18",
    "storage_bucket": "todolist-eed18.firebasestorage.app"
  },
  "client": [
    {
      "client_info": {
        "mobilesdk_app_id": "1:690209810800:android:c1fafd0d8a7b836adb07b5",
        "android_client_info": {
          "package_name": "com.example.to_do_list"
        }
      },
      "oauth_client": [],
      "api_key": [
        {
          "current_key": "AIzaSyC0U2-c8VzxtmWypP7Y5iIXIR850grQkR4"
        }
      ],
      "services": {
        "appinvite_service": {
          "other_platform_oauth_client": []
        }
      }
    }
  ],
  "configuration_version": "1"
}