{"flutter":{"platforms":{"android":{"default":{"projectId":"todolist-eed18","appId":"1:690209810800:android:c1fafd0d8a7b836adb07b5","fileOutput":"android/app/google-services.json"}},"dart":{"lib/firebase_options.dart":{"projectId":"todolist-eed18","configurations":{"android":"1:690209810800:android:c1fafd0d8a7b836adb07b5","ios":"1:690209810800:ios:1992aba30fdf28fedb07b5","macos":"1:690209810800:ios:1992aba30fdf28fedb07b5","web":"1:690209810800:web:e28ad2969f409ed8db07b5","windows":"1:690209810800:web:a47bab81faeadf34db07b5"}}}}}}